[
    {
        "ParameterKey": "ProjectName",
        "ParameterValue": "UdagramProject"
    },

    {
        "ParameterKey": "VpcCIDR",
        "ParameterValue": "10.2.0.0/16"
    },
    
    {
        "ParameterKey": "EnvName",
        "ParameterValue": "UdagramProject-Production"
    },
    
    {
        "ParameterKey": "PublicSubnet1CIDR",
        "ParameterValue": "10.2.0.0/24"
    },
    
    {
        "ParameterKey": "PublicSubnet2CIDR",
        "ParameterValue": "10.2.1.0/24"
    },
    
    {
        "ParameterKey": "PrivateSubnet1CIDR",
        "ParameterValue": "10.2.2.0/24"
    },
    
    {
        "ParameterKey": "PrivateSubnet2CIDR",
        "ParameterValue": "10.2.3.0/24"
    }
    

]